<?xml version="1.0" encoding="UTF-8"?>
<!DOCTYPE mapper PUBLIC "-//mybatis.org//DTD Mapper 3.0//EN" 
"http://mybatis.org/dtd/mybatis-3-mapper.dtd">

<mapper namespace="com.hdh.lastfinal.dao.CarDao">
	<select id="getComp" parameterType="String" resultType="String">
		SELECT
		DISTINCT CL_COM FROM carlisttbl WHERE CL_GROUP=#{made}
	</select>

	<select id="getCarList" parameterType="String"
		resultType="csinfo">
		SELECT * FROM KTC WHERE KTC_GROUP=#{made}
	</select>



	<!-- 페이징 처리 -->
	<select id="getCarhomeList" resultType="csinfo"
		parameterType="int">
	<![CDATA[
		SELECT * FROM KTC_1 Where RONUM <= #{num}*6
		AND RONUM >= #{num}*6-5 AND KTC_GROUP='국산' ORDER  BY   KTC_NUM DESC
	]]>
	</select>

	<!-- 메인 화면 최신 순 페이징 -->
	<select id="getCarhome" resultType="csinfo" parameterType="int">
	<![CDATA[
		SELECT KTC_1.KTC_NUMBER FROM KTC_1 Where RONUM <= #{num}*6 
		AND RONUM >= #{num}*6-5 AND KTC_GROUP='국산' ORDER  BY   KTC_NUM DESC
	]]>
	</select>

	<!-- 국산차 페이징 처리 -->
	<select id="getKCarhomeList" resultType="csinfo"
		parameterType="int">
	<![CDATA[
	SELECT * FROM KTC_1 Where RONUM <= #{num}*6 AND RONUM >=#{num}*6-5  AND KTC_BUYSELL='0'
	]]>
	</select>

	<!-- 국산차 개수 구하기 -->
	<select id="getKCarCount" resultType="int">
		SELECT count(*) FROM
		kcartbl inner join carlisttbl on kcartbl.kc_cl_model =
		carlisttbl.cl_model where carlisttbl.cl_group='국산'
	</select>

	<select id="getCarYearListF" parameterType="String"
		resultType="String">
		SELECT DISTINCT CL_YEAR FROM CARLISTTBL WHERE
		CL_CATE=#{name}
	</select>


	<!-- 메인화면 수입차 페이징 처리 -->
	<select id="getCarhomeListF" resultType="fcsinfo"
		parameterType="int">
	<![CDATA[
		SELECT * FROM FTC_1 WHERE RONUM>=#{num}*3-2
		AND RONUM<=#{num}*3
	]]>
	</select>

	<select id="getCarNameListF" parameterType="String"
		resultType="String">
		SELECT DISTINCT CL_CATE FROM carlisttbl WHERE
		CL_COM=#{comp}
	</select>



	<select id="getOptionCount" resultType="int">
		SELECT count(*) FROM
		kcartbl inner join carlisttbl on kcartbl.kc_cl_model =
		carlisttbl.cl_model where carlisttbl.cl_group='국산'
	</select>


	<select id="getCarNameList" parameterType="String"
		resultType="String">
		SELECT DISTINCT CL_CATE FROM carlisttbl WHERE
		CL_COM=#{comp}
	</select>

	<select id="getCarYearList" parameterType="String"
		resultType="String">
		SELECT DISTINCT CL_YEAR FROM carlisttbl WHERE
		CL_CATE=#{name}
	</select>

	<select id="getCarSelList" parameterType="csinfo"
		resultType="csinfo">
		SELECT * FROM KTC WHERE KTC_GROUP=#{ktc_group}
		<if test="ktc_com != ''">
			AND KTC_COM=#{ktc_com}
		</if>
		<if test="ktc_cate != ''">
			AND KTC_CATE=#{ktc_cate}
		</if>
		<if test="ktc_year != ''">
			AND KTC_YEAR=#{ktc_year}
		</if>
	</select>

	<select id="getCarReList" parameterType="csinfo"
		resultType="csinfo">
		SELECT * FROM KTC WHERE KTC_GROUP=#{tkc_group}
		<if test="ktc_com != ''">
			AND KTC_COM=#{tc_com}
		</if>
		<if test="ktc_cate != ''">
			AND KTC_CATE=#{ktc_cate}
		</if>
		<if test="ktc_year != ''">
			AND KTC_YEAR=#{ktc_year}
		</if>
		<if test='ktc_align == "0"'>
			ORDER BY KTC_PRICE ASC
		</if>
		<if test='ktc_align == "1"'>
			ORDER BY KTC_PRICE DESC
		</if>
		<if test='ktc_align == "2"'>
			ORDER BY KTC_NUM ASC
		</if>
		<if test='ktc_align == "3"'>
			ORDER BY KTC_NUM DESC
		</if>
	</select>

	<select id="getCarContent" parameterType="Integer"
		resultType="csinfo">
		SELECT * FROM KTC WHERE KTC_NUM=#{ktc_Num}
	</select>

	<select id="getOptionList" resultType="option">
		SELECT * FROM
		OPTIONLISTTBL
	</select>

	<insert id="carOption" parameterType="String">
		INSERT INTO OPTIONLISTTBL
		VALUES
		(#{ol_number},#{ol_cate},#{ol_name})
	</insert>





	<select id="getCompK" resultType="cinfo">
		SELECT DISTINCT CL_COM FROM
		CARLISTTBL WHERE CL_GROUP='국산'
	</select>

	<select id="getCompF" resultType="cinfo">
		SELECT DISTINCT CL_COM FROM
		CARLISTTBL WHERE CL_GROUP='수입'
	</select>


	<select id="getModel" parameterType="cinfo" resultType="String">
		SELECT
		CL_MODEL FROM CARLISTTBL
		WHERE CL_COM=#{cl_com} AND CL_CATE=#{cl_cate}
		AND CL_YEAR=#{cl_year}
	</select>
	<select id="getModel1" parameterType="fcinfo"
		resultType="String">
		SELECT CL_MODEL FROM CARLISTTBL
		WHERE CL_COM=#{fcl_com} AND
		CL_CATE=#{fcl_cate} AND CL_YEAR=#{fcl_year}
	</select>

	<!-- 내차팔기 화면 kcartbl insert -->
	<insert id="kcarInsert" parameterType="String">
		INSERT INTO KCARTBL VALUES
		(#{kc_number},#{kc_gear},#{kc_km},#{kc_sago},#{kc_price},
		#{kc_size},#{kc_rank},#{kc_longorbuy},#{kc_lease},
		#{kc_month},#{kc_cl_model},#{kc_m_id},default)
	</insert>




	<select id="getCarYearList1" parameterType="String"
		resultType="String">
		SELECT CL_YEAR FROM CARLISTTBL WHERE CL_YEAR=#{year}
	</select>

	<select id="getdealer" resultType="Member">
		SELECT * FROM MEMBERTBL WHERE
		M_CATE='딜러'
	</select>



	<insert id="opInsert" parameterType="String">
		INSERT INTO KOPTIONTBL
		VALUES
		(KO_SEQ.NEXTVAL,#{kc_number},#{kc_option})
	</insert>

	<insert id="diInsert" parameterType="dealerinfo">
		INSERT INTO KDEALERTBL
		VALUES
		(KD_SEQ.NEXTVAL,#{kd_kc_num},#{kd_m_id})
	</insert>
	<!-- 내차팔기 화면 fcartbl insert -->
	<insert id="fcarInsert" parameterType="String">
		INSERT INTO FCARTBL VALUES
		(#{fc_number},#{fc_gear},#{fc_km},#{fc_sago},#{fc_price},
		#{fc_size},#{fc_rank},#{fc_longorbuy},#{fc_lease},
		#{fc_month},#{fc_cl_model},#{fc_m_id},default)
	</insert>


	<insert id="FopInsert" parameterType="String">
		INSERT INTO FOPTIONTBL
		VALUES
		(FO_SEQ.NEXTVAL,#{fc_number},#{fc_option})
	</insert>

	<insert id="FdiInsert" parameterType="dealerinfo">
		INSERT INTO FDEALERTBL
		VALUES
		(FD_SEQ.NEXTVAL,#{fd_fc_num},#{fd_m_id})
	</insert>




	<!-- 차량 구매 업데이트 -->
	<update id="getCarUpdate" parameterType="String">
		UPDATE kcartbl SET
		KC_BUYSELL = '1' WHERE KC_NUMBER = #{ktc_number}
	</update>


<!-- 판매 차량 관리 화면 -->
	<select id="PurCarList" parameterType="String"
		resultType="sellinfo">
		select * from kcartbl where kc_m_id = #{id}
	</select>
	
	<!-- 구매 차량 관리 화면 -->
	<select id="PurManageList" parameterType="String"
		resultType="sellinfo">
		select * from kcartbl where kc_m_id = #{id} AND kc_buysell = '1'
	</select>







</mapper>