<?xml version="1.0" encoding="UTF-8"?>
<!DOCTYPE mapper PUBLIC "-//mybatis.org//DTD Mapper 3.0//EN" 
"http://mybatis.org/dtd/mybatis-3-mapper.dtd">

<mapper namespace="com.hdh.lastfinal.dao.ICommunityDao">

<!-- Qna 전용 -->
<!-- Qna 리스트 출력  -->
	<select id="getCommuQnaList" resultType="CommuQna"
		parameterType="int">
	<![CDATA[
		SELECT * FROM CQLIST_1 WHERE RONUM >= #{num}*10-9
		AND RONUM <= #{num}*10
	]]>
	</select>	
<!-- Qna  글 수 파악 -->	
	<select id="getCommuQnaCount" resultType="int">
		SELECT COUNT(*) FROM CQLIST_1
	</select>
<!-- Qna 글 작성 -->	
	<insert id="CommuQnaInsert" parameterType="CommuQna" 
		useGeneratedKeys="true" keyProperty="cqnum">
		<selectKey keyProperty="cqnum" resultType="int" 
			order="BEFORE">
			SELECT CQ_SEQ.NEXTVAL FROM DUAL
		</selectKey>
		INSERT INTO CQ
		VALUES(${cqnum},#{cqname},#{cqcon},DEFAULT,0,0,0,#{mid})
	</insert>
<!-- Qna 글 상세 -->
	<select id="getQnaContents" resultType="CommuQna" 
		parameterType="int">
		SELECT * FROM CQLIST_1 WHERE CQNUM=#{cqnum}
	</select>
<!-- Qna 글 조회수 +1 -->	
	<update id="updateQnalook" parameterType="CommuQna">
		UPDATE CQ SET CQ_LOOK=#{cqlook} WHERE CQ_NUM=#{cqnum}
	</update>
<!-- Qna 댓글 리스트 출력 -->
	<select id="getQnaReplyList" resultType="ReplyQna"
		parameterType="int">
		SELECT * FROM RQLIST WHERE CQ_NUM=#{cqnum}
	</select>
<!-- Qna 댓글 삭제 -->	
	<delete id="replysQnaDelete" parameterType="String">
		DELETE FROM RQ WHERE CQ_NUM=#{cqnum}
	</delete>
<!-- Qna 글 삭제 -->		
	<delete id="CommuQnaDelete" parameterType="String">
		DELETE FROM CQ WHERE CQ_NUM=#{cqnum}
	</delete>
<!-- Qna 댓글 입력 -->	
	<insert id="replyQnaInsert" parameterType="ReplyQna">
		INSERT INTO RQ VALUES(RQ_SEQ.NEXTVAL, #{rq_con}, #{cq_num}, DEFAULT, #{m_id})
	</insert>
<!-- Qna 댓글 삭제 -->
	<delete id="replyQnaDelete" parameterType="ReplyQna">
		DELETE FROM RQ WHERE RQ_NUM =#{rq_num}
	</delete>
<!-- Qna 댓글 수정 -->	
	<update id="replyQnaUpdate" parameterType="ReplyQna">
		UPDATE RQ SET RQ_CON=#{rq_con} WHERE RQ_NUM=#{rq_num}
	</update>	
<!-- Qna 게시글 수정 -->	
	<update id="CommuQnaUpdate" parameterType="CommuQna">
		UPDATE CQ SET CQ_CON=#{cqcon}, CQ_NAME=#{cqname} WHERE CQ_NUM=#{cqnum}
	</update>	
<!-- Qna 게시글 검색 -->		
	  <select id="CommuQnaSearch" parameterType="HashMap" resultType="CommuQna">
      SELECT * FROM CQLIST_1 WHERE CQNAME LIKE #{res}
   </select>


<!-- Free 전용 -->
<!-- Free 게시글 리스트 출력 -->	
	<select id="getCommuFreeList" resultType="CommuFree"
		parameterType="int">
	<![CDATA[
		SELECT * FROM CFLIST_1 WHERE RONUM >= #{num}*10-9
		AND RONUM <= #{num}*10
	]]>
	</select>	
<!-- Free 게시글 수 -->		
	<select id="getCommuFreeCount" resultType="int">
		SELECT COUNT(*) FROM CFLIST_1
	</select>
<!-- Free 글 입력 -->		
	<insert id="CommuFreeInsert" parameterType="CommuFree" 
		useGeneratedKeys="true" keyProperty="cfnum">
		<selectKey keyProperty="cfnum" resultType="int" 
			order="BEFORE">
			SELECT CF_SEQ.NEXTVAL FROM DUAL
		</selectKey>
		INSERT INTO CF
		VALUES(${cfnum},#{cfname},#{cfcon},DEFAULT,0,0,0,#{mid})
	</insert>
<!-- Free 글의 파일 입력 -->		
	<insert id="CommuFreefileInsert" parameterType="HashMap">
		INSERT INTO CFF VALUES (CFF_SEQ.NEXTVAL,#{cnum},#{oriFileName},#{sysFileName})
	</insert>
<!-- Free 게시글 상세 -->		
	<select id="getFreeContents" resultType="CommuFree" 
		parameterType="int">
		SELECT * FROM CFLIST_1 WHERE CFNUM=#{cfnum}
	</select>
<!-- Free 글 조회수 +1 -->		
	<update id="updateFreelook" parameterType="CommuFree">
		UPDATE CF SET CF_LOOK=#{cflook} WHERE CF_NUM=#{cfnum}
	</update>	
<!-- Free 게시글 파일 상세 -->	
	<select id="getFreeFileList" resultType="CommuFreeFile"
		parameterType="int"	>
		SELECT * FROM CFF WHERE CFF_FNUM = #{cfnum}
	</select>	
<!-- Free 댓글 리스트 출력 -->		
	<select id="getFreeReplyList" resultType="ReplyFree"
		parameterType="int">
		SELECT * FROM RFLIST WHERE CF_NUM=#{cf_num}
	</select>
<!-- Free 댓글들 삭제 -->		
	<delete id="replysFreeDelete" parameterType="String">
		DELETE FROM RF WHERE CF_NUM=#{cfnum}
	</delete>
<!-- Free 파일 삭제 -->		
	<delete id="CommuFreeFileDelete" parameterType="String">
		DELETE FROM CFF WHERE CFF_FNUM=#{cfnum}
	</delete>
<!-- Free 게시글 삭제 -->		
	<delete id="CommuFreeDelete" parameterType="String">
		DELETE FROM CF WHERE CF_NUM=#{cfnum}
	</delete>
<!-- Free 댓글 입력 -->		
	<insert id="replyFreeInsert" parameterType="ReplyFree">
		INSERT INTO RF VALUES(RF_SEQ.NEXTVAL, #{rf_con}, #{cf_num}, DEFAULT, #{m_id})
	</insert>
<!-- Free 댓글 삭제 -->			
	<delete id="replyFreeDelete" parameterType="ReplyFree">
		DELETE FROM RF WHERE RF_NUM =#{rf_num}
	</delete>
<!-- Free 댓글 수정 -->	
	<update id="replyFreeUpdate" parameterType="ReplyFree">
		UPDATE RF SET RF_CON=#{rf_con} WHERE RF_NUM=#{rf_num}
	</update>	
<!-- Free 게시글 검색 -->		
	  <select id="CommuFreeSearch" parameterType="HashMap" resultType="CommuFree">
      SELECT * FROM CFLIST_1 WHERE CFNAME LIKE #{res}
   </select>
<!-- Free 게시글 수정 -->	
	<update id="CommuFreeUpdate" parameterType="CommuFree">
		UPDATE CF SET CF_CON=#{cfcon}, CF_NAME=#{cfname} WHERE CF_NUM=#{cfnum}
	</update>
<!-- Free 게시글 파일 수정 -->	
	<update id="CommuFreefileUpdate" parameterType="CommuFreeFile">
	UPDATE CFF SET CFF_ORINAME=#{oriFileName}, CFF_SYSNAME=#{sysFileName} WHERE CFF_FNUM=#{cnum}
	</update>		
	
	
<!-- Complan 전용 -->
<!-- Complan 게시글 리스트 출력 -->
	<select id="getCommuComplanList" resultType="CommuComplan"
		parameterType="int">
	<![CDATA[
		SELECT * FROM CCLIST_1 WHERE RONUM >= #{num}*10-9
		AND RONUM <= #{num}*10
	]]>
	</select>	
<!-- Complan 게시글 갯수 -->
	<select id="getCommuComplanCount" resultType="int">
		SELECT COUNT(*) FROM CCLIST_1
	</select>
<!-- Complan 게시글 입력 -->
	<insert id="CommuComplanInsert" parameterType="CommuComplan" 
		useGeneratedKeys="true" keyProperty="ccnum">
		<selectKey keyProperty="ccnum" resultType="int" 
			order="BEFORE">
			SELECT CC_SEQ.NEXTVAL FROM DUAL
		</selectKey>
		INSERT INTO CC
		VALUES(${ccnum},#{ccname},#{cccon},DEFAULT,0,0,0,#{mid})
	</insert>
<!-- Complan 게시글 파일 입력 -->
	<insert id="CommuComplanfileInsert" parameterType="HashMap">
		INSERT INTO CCF VALUES (CCF_SEQ.NEXTVAL,#{cnum},#{oriFileName},#{sysFileName})
	</insert>
<!-- Complan 게시글 상세 -->
	<select id="getComplanContents" resultType="CommuComplan" 
		parameterType="int">
		SELECT * FROM CCLIST_1 WHERE CCNUM=#{ccnum}
	</select>
<!-- Complan 게시글 조회수 +1 -->
	<update id="updateComplanlook" parameterType="CommuComplan">
		UPDATE CC SET CC_LOOK=#{cclook} WHERE CC_NUM=#{ccnum}
	</update>	
<!-- Complan  글 파일 리스트 출력 -->
	<select id="getComplanFileList" resultType="CommuComplanFile"
		parameterType="int"	>
		SELECT * FROM CCF WHERE CCF_CNUM = #{ccnum}
	</select>	
<!-- Complan 댓글 리스트 출력 -->
	<select id="getComplanReplyList" resultType="ReplyComplan"
		parameterType="int">
		SELECT * FROM RCLIST WHERE CC_NUM=#{cc_num}
	</select>
<!-- Complan 글의 댓글들 삭제 -->
	<delete id="replysComplanDelete" parameterType="String">
		DELETE FROM RC WHERE CC_NUM=#{ccnum}
	</delete>
<!-- Complan 글 파일 삭제 -->
	<delete id="CommuComplanFileDelete" parameterType="String">
		DELETE FROM CCF WHERE CCF_CNUM=#{ccnum}
	</delete>
<!-- Complan 글 삭제 -->
	<delete id="CommuComplanDelete" parameterType="String">
		DELETE FROM CC WHERE CC_NUM=#{ccnum}
	</delete>
<!-- Complan 댓글 입력 -->
	<insert id="replyComplanInsert" parameterType="ReplyComplan">
		INSERT INTO RC VALUES(RC_SEQ.NEXTVAL, #{rc_con}, #{cc_num}, DEFAULT, #{m_id})
	</insert>
<!-- Complan 댓글 삭제 -->	
	<delete id="replyComplanDelete" parameterType="ReplyComplan">
		DELETE FROM RC WHERE RC_NUM =#{rc_num}
	</delete>
<!-- Complan 댓글 수정 -->	
	<update id="replyComplanUpdate" parameterType="ReplyComplan">
		UPDATE RC SET RC_CON=#{rc_con} WHERE RC_NUM=#{rc_num}
	</update>
<!-- Complan 게시글 검색 -->		
	  <select id="CommuComplanSearch" parameterType="HashMap" resultType="CommuComplan">
      SELECT * FROM CCLIST_1 WHERE CCNAME LIKE #{res}
   </select>			
<!-- Complan 게시글 수정 -->	
	<update id="CommuComplanUpdate" parameterType="CommuComplan">
		UPDATE CC SET CC_CON=#{cccon}, CC_NAME=#{ccname} WHERE CC_NUM=#{ccnum}
	</update>
<!-- Complan 게시글 파일 수정 -->	
	<update id="CommuComplanfileUpdate" parameterType="CommuComplanFile">
	UPDATE CCF SET CCF_ORINAME=#{oriFileName}, CCF_SYSNAME=#{sysFileName} WHERE CCF_CNUM=#{cnum}
	</update>

	
<!-- Notice 전용 -->
<!-- Notice 리스트 출력 -->
	<select id="getCommuNoticeList" resultType="CommuNotice"
		parameterType="int">
	<![CDATA[
		SELECT * FROM CNLIST_1 WHERE RONUM >= #{num}*10-9
		AND RONUM <= #{num}*10
	]]>
	</select>	
<!-- Notice 리스트 갯수 -->
	<select id="getCommuNoticeCount" resultType="int">
		SELECT COUNT(*) FROM CNLIST_1
	</select>
<!-- Notice 글 입력 -->			
	<insert id="CommuNoticeInsert" parameterType="CommuNotice" 
		useGeneratedKeys="true" keyProperty="cnnum">
		<selectKey keyProperty="cnnum" resultType="int" 
			order="BEFORE">
			SELECT CN_SEQ.NEXTVAL FROM DUAL
		</selectKey>
		INSERT INTO CN
		VALUES(${cnnum},#{cnname},#{cncon},DEFAULT,0,0,0,#{mid})
	</insert>
<!-- Notice 글 상세 -->	
	<select id="getNoticeContents" resultType="CommuNotice" 
		parameterType="int">
		SELECT * FROM CNLIST_1 WHERE CNNUM=#{cnnum}
	</select>
<!-- Notice 조회수 +1 -->	
	<update id="updateNoticelook" parameterType="CommuNotice">
		UPDATE CN SET CN_LOOK=#{cnlook} WHERE CN_NUM=#{cnnum}
	</update>	
<!-- Notice 댓글 리스트-->	
	<select id="getNoticeReplyList" resultType="ReplyNotice"
		parameterType="int">
		SELECT * FROM RNLIST WHERE CN_NUM=#{cn_num}
	</select>
<!-- Notice 댓글 삭제 -->	
	<delete id="replysNoticeDelete" parameterType="String">
		DELETE FROM RN WHERE CN_NUM=#{cnnum}
	</delete>
<!-- Notice 글 삭제 -->	
	<delete id="CommuNoticeDelete" parameterType="String">
		DELETE FROM CN WHERE CN_NUM=#{cnnum}
	</delete>
<!-- Notice 댓글 입력 -->			
	<insert id="replyNoticeInsert" parameterType="ReplyNotice">
		INSERT INTO RN VALUES(RN_SEQ.NEXTVAL, #{rn_con}, #{cn_num}, DEFAULT, #{m_id})
	</insert>
<!-- Notice 댓글 삭제 -->			
	<delete id="replyNoticeDelete" parameterType="ReplyNotice">
		DELETE FROM RN WHERE RN_NUM =#{rn_num}
	</delete>	
<!-- Notice 댓글 수정 -->	
	<update id="replyNoticeUpdate" parameterType="ReplyNotice">
		UPDATE RN SET RN_CON=#{rn_con} WHERE RN_NUM=#{rn_num}
	</update>
<!-- Notice 게시글 수정 -->	
	<update id="CommuNoticeUpdate" parameterType="CommuNotice">
		UPDATE CN SET CN_CON=#{cncon}, CN_NAME=#{cnname} WHERE CN_NUM=#{cnnum}
	</update>				
<!-- Notice 게시글 검색 -->		
	  <select id="CommuNoticeSearch" parameterType="HashMap" resultType="CommuNotice">
      SELECT * FROM CNLIST_1 WHERE CNNAME LIKE #{res}
   </select>
	
	
</mapper>