<?xml version="1.0" encoding="UTF-8"?>
<!DOCTYPE mapper PUBLIC "-//mybatis.org//DTD Mapper 3.0//EN"
"http://mybatis.org/dtd/mybatis-3-mapper.dtd">

<mapper namespace="com.hdh.lastfinal.dao.IFileDao">

	<!-- 사진 저장 -->
	<insert id="fileInsert" parameterType="HashMap">
		INSERT INTO F VALUES
		(F_SEQ.NEXTVAL,#{m_id},#{oriFileName},#{sysFileName})
	</insert>
	
	
	<!-- 사진 가져오기 -->
	<select id="PhotoSearch" resultType="Bfile" parameterType="String">
		SELECT * FROM FILETBL WHERE F_MID=#{id}
	</select>
	
	<!-- 사진 저장 -->
	<insert id="KRfileInsert" parameterType="HashMap">
		INSERT INTO KRPHOTOTBL VALUES
		(KR_SEQ.NEXTVAL,#{m_id},#{oriFileName},#{sysFileName})
	</insert>
	
	<!-- 사진 가져오기 -->
	<select id="MainPhotoSearch" resultType="Bfile" parameterType="String">
		SELECT * FROM krphototbl WHERE KR_KC_NUMBER = #{kr_number}
	</select>
	
	<!-- 국산차 사진 가져오기 -->
	<select id="KcarPhotoMain" resultType="kcarPhoto"
		parameterType="int">
	<![CDATA[
		   SELECT * FROM KRPHOTOTBL_2 Where RONUM <= #{num}*6
		AND RONUM >= #{num}*6-5 AND KTC_GROUP='국산' ORDER  BY   KTC_NUM DESC
		]]>
	</select>
	
	<!-- 수입차 사진 가져오기 -->
	<select id="FcarPhoto" resultType="fkarPhoto" parameterType="String">
		SELECT * FROM FRPHOTOTBL WHERE
		FR_FC_NUMBER = #{ftc_number}
	</select>
	
	  <!-- 사진 저장 -->
   <insert id="FRfileInsert" parameterType="HashMap">
      INSERT INTO FRPHOTOTBL VALUES
      (FR_SEQ.NEXTVAL,#{m_id},#{oriFileName},#{sysFileName})
   </insert>
	
	
</mapper>