<?xml version="1.0" encoding="UTF-8"?>
<!DOCTYPE mapper PUBLIC "-//mybatis.org//DTD Mapper 3.0//EN"
"http://mybatis.org/dtd/mybatis-3-mapper.dtd">

<mapper namespace="com.hdh.lastfinal.dao.IMemberDao">
	<insert id="memberInsert" parameterType="member">
		INSERT INTO MEMBERTBL VALUES (#{m_id}, #{m_pw}, #{m_name}, #{m_address}, #{m_email}, #{m_phone}, default, #{m_sex})
	</insert>
	<select id="getSecurityPwd"  parameterType="String" resultType="String">
		SELECT M_PW FROM M WHERE M_ID = #{id}
	</select>

	<select id="getMemberInfo" resultType="member" parameterType="String">
		SELECT * FROM MINFO WHERE M_ID=#{id}
	</select>
	 
	<select id="getMyInfo" resultType="member" parameterType="String">
		SELECT * FROM M WHERE M_ID=#{id}
	</select>
	
	<select id="searchId" resultType="String" parameterType="String">
		SELECT M_ID, M_EMAIL FROM M WHERE M_EMAIL = #{id}
	</select>

	<!-- 아이디와 이메일로 비밀번호 찾기 -->
	<select id="searchPw" resultType="String" parameterType="String">
		SELECT * FROM M WHERE M_ID = #{m_id}
	</select>
	
	<select id="pwSearch" resultType="String" parameterType="String">
		SELECT M_PW FROM M WHERE M_ID = #{m_id}
	</select>
	
	<!-- 회원 수정 -->
	<update id="memberUpdate"  parameterType="member" >
		UPDATE M SET 
			M_ADDRESS = #{m_address},
			M_EMAIL = #{m_email},
			M_PHONE = #{m_phone}
		WHERE M_ID=#{m_id}
	</update>
	
	<select id="memberSelect" resultType="member" parameterType="String">
		SELECT M_ID, M_PW, M_NAME, M_CATE, M_SEX FROM M WHERE M_ID=#{id}
	</select>
	
	<select id="memberPw" resultType="member" parameterType="String">
		SELECT M_ID,M_NAME,M_ADDRESS,M_EMAIL,M_PHONE , M_CATE, M_SEX FROM M WHERE M_ID=#{id}
	</select>
	
	<!-- 아이디 검색 -->
	<select id="IDSelect" resultType="member" parameterType="String">
		SELECT M_ID FROM M WHERE M_EMAIL=#{email}
	</select>
	
	<update id="UpdatePW"  parameterType="String">
		UPDATE M SET M_PW = #{m_pw} WHERE M_ID = #{m_id}
	</update>
	
	<!-- 멤버 전부 다 가져오기 -->
	<select id="getMemList" resultType="member" parameterType="int">
		<![CDATA[
		SELECT * FROM MLIST_2 where RONUM >= #{num}*9-8 AND RONUM <= #{num}*9
			]]>
	</select>
	

	

	
	<select id="getMemCount" resultType="int">
		SELECT COUNT(*) FROM
		MLIST_1
	</select>
	
	<!-- 일반회원으로 수정 -->

	<select id="selectGeneral" resultType="member" parameterType="String">
		SELECT M_ID, M_PW, M_NAME, M_ADDRESS, M_EMAIL, M_PHONE, M_SEX FROM M WHERE M_ID=#{m_id}
	</select>
	
	<update id="memGeneral"  parameterType="String">
		UPDATE M SET M_CATE = #{m_cate} WHERE M_ID = #{m_id}
	</update>
	
	
	<!-- 딜러회원으로 수정 -->
	
	<select id="selectDealer" resultType="member" parameterType="String">
		SELECT M_ID, M_PW, M_NAME, M_ADDRESS, M_EMAIL, M_PHONE, M_SEX FROM M WHERE M_ID=#{m_id}
	</select>
	
	<update id="memDealer"  parameterType="String">
		UPDATE M SET M_CATE = #{m_cate} WHERE M_ID = #{m_id}
	</update>
	
	<!-- 딜러회원으로 수정 -->
	
	<select id="selectBlock" resultType="member" parameterType="String">
		SELECT M_ID, M_PW, M_NAME, M_ADDRESS, M_EMAIL, M_PHONE, M_SEX FROM M WHERE M_ID=#{m_id}
	</select>
	
	<update id="memBlock"  parameterType="String">
		UPDATE M SET M_CATE = #{m_cate} WHERE M_ID = #{m_id}
	</update>
	
</mapper>