<?xml version="1.0" encoding="UTF-8"?>
<!DOCTYPE mapper PUBLIC "-//mybatis.org//DTD Mapper 3.0//EN" 
"http://mybatis.org/dtd/mybatis-3-mapper.dtd">

<mapper namespace="com.hdh.lastfinal.dao.IMessageDao">

<!-- Message -->
	<select id="CallMsgList" resultType="Message"
		parameterType="HashMap">
	<![CDATA[
		SELECT * FROM MS WHERE MSG_NUM >= #{pegenum}*10-9
		AND MSG_NUM <= #{pegenum}*100 AND M_IDC = #{id}
	]]>
	</select>	
	
	<select id="CallMsgCount" resultType="int"
		parameterType="String">
		SELECT COUNT(*) FROM MS WHERE M_IDC = #{id}
	</select>
	
	<select id="ReceiveMsgList" resultType="Message"
		parameterType="HashMap">
	<![CDATA[
		SELECT * FROM MS WHERE MSG_NUM >= #{pegenum}*10-9
		AND MSG_NUM <= #{pegenum}*100 AND M_IDR = #{id}
	]]>
	</select>	
	
	<select id="ReceiveMsgCount" resultType="int"
		parameterType="String">
		SELECT COUNT(*) FROM MS WHERE M_IDR = #{id}
	</select>

	<insert id="MessageInsert" parameterType="Message" 
		useGeneratedKeys="true" keyProperty="msg_num">
		<selectKey keyProperty="msg_num" resultType="int" 
			order="BEFORE">
			SELECT MSG_SEQ.NEXTVAL FROM DUAL
		</selectKey>
		INSERT INTO MS
		VALUES(${msg_num},#{msg_con},DEFAULT,#{m_idc},#{m_idr})
	</insert>

	
</mapper>